{
  "providers": [
    {
      "type": "bitmap",
      "file": "font/gamemodes/vanilla.png",
      "height": 7,
      "ascent": 7,
      "chars": ["\uF000"]
    },
    {
      "type": "bitmap",
      "file": "font/gamemodes/uhc.png",
      "height": 7,
      "ascent": 7,
      "chars": ["\uF001"]
    },
    {
      "type": "bitmap",
      "file": "font/gamemodes/pot.png",
      "height": 7,
      "ascent": 7,
      "chars": ["\uF002"]
    },
    {
      "type": "bitmap",
      "file": "font/gamemodes/netherite.png",
      "height": 7,
      "ascent": 7,
      "chars": ["\uF003"]
    },
    {
      "type": "bitmap",
      "file": "font/gamemodes/smp.png",
      "height": 7,
      "ascent": 7,
      "chars": ["\uF004"]
    },
    {
      "type": "bitmap",
      "file": "font/gamemodes/sword.png",
      "height": 7,
      "ascent": 7,
      "chars": ["\uF005"]
    },
    {
      "type": "bitmap",
      "file": "font/gamemodes/axe.png",
      "height": 7,
      "ascent": 7,
      "chars": ["\uF006"]
    },
    {
      "type": "bitmap",
      "file": "font/gamemodes/mace.png",
      "height": 7,
      "ascent": 7,
      "chars": ["\uF007"]
    },
    {
      "type": "bitmap",
      "file": "font/gamemodes/minecart.png",
      "height": 7,
      "ascent": 7,
      "chars": ["\uF008"]
    },
    {
      "type": "bitmap",
      "file": "font/gamemodes/iron_pot.png",
      "height": 7,
      "ascent": 7,
      "chars": ["\uF009"]
    },
    {
      "type": "bitmap",
      "file": "font/gamemodes/speed.png",
      "height": 7,
      "ascent": 7,
      "chars": ["\uF00A"]
    },
    {
      "type": "bitmap",
      "file": "font/gamemodes/creeper.png",
      "height": 7,
      "ascent": 7,
      "chars": ["\uF00B"]
    },
    {
      "type": "bitmap",
      "file": "font/gamemodes/manhunt.png",
      "height": 7,
      "ascent": 7,
      "chars": ["\uF00C"]
    },
    {
      "type": "bitmap",
      "file": "font/gamemodes/diamond_smp.png",
      "height": 7,
      "ascent": 7,
      "chars": ["\uF00D"]
    },
    {
      "type": "bitmap",
      "file": "font/gamemodes/bow.png",
      "height": 7,
      "ascent": 7,
      "chars": ["\uF00E"]
    },
    {
      "type": "bitmap",
      "file": "font/gamemodes/bed.png",
      "height": 7,
      "ascent": 7,
      "chars": ["\uF00F"]
    },
    {
      "type": "bitmap",
      "file": "font/gamemodes/og_vanilla.png",
      "height": 7,
      "ascent": 7,
      "chars": ["\uF010"]
    },
    {
      "type": "bitmap",
      "file": "font/gamemodes/elytra.png",
      "height": 7,
      "ascent": 7,
      "chars": ["\uF011"]
    },
    {
      "type": "bitmap",
      "file": "font/gamemodes/diamond_crystal.png",
      "height": 7,
      "ascent": 7,
      "chars": ["\uF012"]
    },
    {
      "type": "bitmap",
      "file": "font/gamemodes/subtiers_elytra.png",
      "height": 7,
      "ascent": 7,
      "chars": ["\uF013"]
    },
    {
      "type": "bitmap",
      "file": "font/gamemodes/trident.png",
      "height": 7,
      "ascent": 7,
      "chars": ["\uF014"]
    }
  ]
}
