{
  "providers": [
    {
      "type": "bitmap",
      "file": "font/misc/globe.png",
      "height": 12,
      "ascent": 12,
      "chars": ["\uF000"]
    },
    {
      "type": "bitmap",
      "file": "font/misc/overall.png",
      "height": 12,
      "ascent": 12,
      "chars": ["\uF001"]
    },
    {
      "type": "bitmap",
      "file": "font/misc/peak.png",
      "height": 7,
      "ascent": 7,
      "chars": ["\uF002"]
    },
    {
      "type": "bitmap",
      "file": "font/misc/cycle.png",
      "height": 7,
      "ascent": 7,
      "chars": ["\uF003"]
    }
  ]
}
